Brand,Average Sentiment Score
Apple,0.9373536507288615
Google,0.7342708855867386
Samsung,0.9079950650533041
